{
  "photos": {
    "loss": 0.10653236403668913,
    "top1": 0.9710271667839014,
    "top5": 0.9979277960495048
  },
  "renders": {
    "loss": 0.5359658169048864,
    "top1": 0.8551599084374631,
    "top5": 0.9812240409811077
  }
}