{
    "renders": {
        "train_loss": [
            0.3880200054315491,
            0.14373964600944375,
            0.10404572589360163,
            0.08384178963651898,
            0.07055279479341925,
            0.06144071536575977
        ],
        "train_acc": [
            0.8814928431343851,
            0.9476404297046512,
            0.9609554196060065,
            0.9684348564236162,
            0.9730784767145743,
            0.9765676316482744
        ],
        "val_render_loss": [
            0.1576873861934987,
            0.10447762875075638,
            0.08431631221855786,
            0.06745144903025997,
            0.05446090618497058,
            0.046867145388212586
        ],
        "val_render_acc": [
            0.9424929367533537,
            0.9616916197637427,
            0.970212008631621,
            0.9751952125647928,
            0.9800004449289226,
            0.9831371938332851
        ],
        "val_real_loss": [
            2.618899660522227,
            2.83655184025884,
            2.446048590576859,
            2.5640608603575767,
            2.880407325847346,
            2.8536300309410554
        ],
        "val_real_acc": [
            0.5480501392757661,
            0.5378365831012071,
            0.5933147632311978,
            0.6039925719591458,
            0.5847260909935005,
            0.6155988857938719
        ]
    },
    "photos": {
        "train_loss": [
            0.1507050576438933,
            0.09537843115674648,
            0.07293434184131309,
            0.06336372294175041,
            0.05030149326112575,
            0.045833148418099184,
            0.037562005358575005
        ],
        "train_acc": [
            0.9481458855153033,
            0.9630887653491356,
            0.9704074775490256,
            0.9763821858390861,
            0.9783981917038305,
            0.9816360193047834,
            0.9848249740362881
        ],
        "val_loss": [
            0.1352145339508464,
            0.11922865423236385,
            0.10371949526108629,
            0.08874980120218343,
            0.07955413898357995,
            0.08022898295678081,
            0.0766511072189363
        ],
        "val_acc": [
            0.9647168059424327,
            0.9672701949860725,
            0.973769730733519,
            0.9763231197771588,
            0.9784122562674095,
            0.9802692664809657,
            0.9802692664809657
        ]
    }
}